,https://3dnews.ruhttps://rozetka.com.ua/ua/acer_nx_hzfeu_009/p237822937/
,https://3dnews.ruhttps://rozetka.com.ua/ua/asus_90nr0381_m01620/p231822349/
,https://3dnews.ruhttps://rozetka.com.ua/ua/hp_1s0w5ea/p262585111/
,https://3dnews.ruhttps://rozetka.com.ua/ua/lenovo_82c7009tra/p272863841/
,https://3dnews.ruhttps://rozetka.com.ua/ua/hp_1u9r9ea/p273890053/
,https://3dnews.ruhttps://rozetka.com.ua/ua/asus_90nr0381_m01640/p231819487/
,https://3dnews.ruhttps://rozetka.com.ua/ua/asus_90nr0351_m02460/p238731799/
,https://3dnews.ruhttps://rozetka.com.ua/ua/lenovo_82c700e3ra/p272867741/
,https://3dnews.ruhttps://rozetka.com.ua/ua/acer_nh_q7peu_00l/p217184287/
,https://3dnews.ruhttps://rozetka.com.ua/ua/acer_nx_a1heu_00k/p253700931/
,https://3dnews.ruhttps://rozetka.com.ua/ua/lenovo_82c700e9ra/p272532526/
,https://3dnews.ruhttps://rozetka.com.ua/ua/hp_2d6e4ea/p269768381/
,https://3dnews.ruhttps://rozetka.com.ua/ua/lenovo_82c700dpra/p272532556/
,https://3dnews.ruhttps://rozetka.com.ua/ua/acer_nx_huseu_00a/p214657705/
,https://3dnews.ruhttps://rozetka.com.ua/ua/asus_90nr03e1_m00540/p238731829/
,https://3dnews.ruhttps://rozetka.com.ua/ua/lenovo_82c700akra/p270510871/
,https://3dnews.ruhttps://rozetka.com.ua/ua/apple_macbook_pro_13__m1_256gb_2020_space_gray/p245161939/
,https://3dnews.ruhttps://rozetka.com.ua/ua/asus_90nr0351_m02450/p244002787/
,https://3dnews.ruhttps://rozetka.com.ua/ua/lenovo_81mt0024ra/p271479976/
,https://3dnews.ruhttps://rozetka.com.ua/ua/lenovo_82c7009era/p252746056/
,https://3dnews.ruhttps://rozetka.com.ua/ua/asus_90nr03b1_m01060/p231833785/
,https://3dnews.ruhttps://rozetka.com.ua/ua/asus_90nb0pb3_m04060/p272656896/
,https://3dnews.ruhttps://rozetka.com.ua/ua/lenovo_82c70010ra/p268084141/
,https://3dnews.ruhttps://rozetka.com.ua/ua/asus_90nr03k1_m02570/p222453973/
,https://3dnews.ruhttps://rozetka.com.ua/ua/asus_90nr0381_m01630/p231822265/
,https://3dnews.ruhttps://rozetka.com.ua/ua/lenovo_82c600dfra/p270520296/
,https://3dnews.ruhttps://rozetka.com.ua/ua/asus_90nr0383_m02300/p229827685/
,https://3dnews.ruhttps://rozetka.com.ua/ua/lenovo_81lk01jrra/p262450996/
,https://3dnews.ruhttps://rozetka.com.ua/ua/hp_1u6f8ea/p242567863/
,https://3dnews.ruhttps://rozetka.com.ua/ua/lenovo_81y8006vra/p271184336/
,https://3dnews.ruhttps://rozetka.com.ua/ua/lenovo_82c7009dra/p270520561/
,https://3dnews.ruhttps://rozetka.com.ua/ua/acer_nx_hjgeu_007/p253700126/
,https://3dnews.ruhttps://rozetka.com.ua/ua/lenovo_82c50057ra/p222078499/
,https://3dnews.ruhttps://rozetka.com.ua/ua/acer_nh_q96eu_01j/p253700106/
,https://3dnews.ruhttps://rozetka.com.ua/ua/dell_g5500fi58s10d1650til_10bl/p245630995/
,https://3dnews.ruhttps://rozetka.com.ua/ua/lenovo_81y400r3ra/p258508696/
,https://3dnews.ruhttps://rozetka.com.ua/ua/acer_nx_huseu_002/p214617667/
,https://3dnews.ruhttps://rozetka.com.ua/ua/lenovo_82b500knra/p266199096/
,https://3dnews.ruhttps://rozetka.com.ua/ua/asus_90nr03k1_m02580/p222455335/
,https://3dnews.ruhttps://rozetka.com.ua/ua/lenovo_81ll00k5ra/p255763161/
,https://3dnews.ruhttps://rozetka.com.ua/ua/hp_7rz13ea/p122783664/
,https://3dnews.ruhttps://rozetka.com.ua/ua/hp_1u9h9ea/p234522193/
,https://3dnews.ruhttps://rozetka.com.ua/ua/lenovo_82b500krra/p266200006/
,https://3dnews.ruhttps://rozetka.com.ua/ua/asus_90nb0rf3_m04850/p261533311/
,https://3dnews.ruhttps://rozetka.com.ua/ua/huawei_53010vuk/p239039185/
,https://3dnews.ruhttps://rozetka.com.ua/ua/lenovo_ideapad_l340_15irh_gaming_81lk00jqra/p262460021/
,https://3dnews.ruhttps://rozetka.com.ua/ua/asus_90nb0q11_m17950/p271664616/
,https://3dnews.ruhttps://rozetka.com.ua/ua/lenovo_81vd007tra/p233505769/
,https://3dnews.ruhttps://rozetka.com.ua/ua/lenovo_82c4011wra/p252746076/
,https://3dnews.ruhttps://rozetka.com.ua/ua/msi_alpha_15_a3dd_new/p245554993/
,https://3dnews.ruhttps://rozetka.com.ua/ua/msi_gp7510sek_053xua/p233522917/
,https://3dnews.ruhttps://rozetka.com.ua/ua/hp_3c248ea/p237635005/
,https://3dnews.ruhttps://rozetka.com.ua/ua/dell_g3590f58s25n1650w_9bl/p164792762/
,https://3dnews.ruhttps://rozetka.com.ua/ua/msi_alpha_15_a3dd_256xua/p245553457/
,https://3dnews.ruhttps://rozetka.com.ua/ua/msi_gp7510sek_288ua/p233523013/
,https://3dnews.ruhttps://rozetka.com.ua/ua/msi_ge7510sf_409ua/p234203659/
,https://3dnews.ruhttps://rozetka.com.ua/ua/dell_210_arxii516w/p91617554/
,https://3dnews.ruhttps://rozetka.com.ua/ua/lenovo_81y600m0ra/p269820941/
,https://3dnews.ruhttps://rozetka.com.ua/ua/msi_a4ddk_070xua/p243799489/
,https://3dnews.ruhttps://rozetka.com.ua/ua/msi_gl6510sdr_408xua/p233845435/
